Age,Gender,Weight,Duration,Calories,Calories_per_min,Age_Group
21,Male,70,30,200,6.666666666666667,20-25
22,Female,60,45,250,5.555555555555555,20-25
23,Male,75,60,300,5.0,20-25
24,Female,65,40,220,5.5,20-25
25,Male,80,70,350,5.0,20-25
26,Female,55,35,210,6.0,25-30
27,Male,85,80,400,5.0,25-30
28,Female,58,50,260,5.2,25-30
